iter	RMSE
0	22821.78436
1	22815.73012
2	22809.23181
3	22803.712
4	22799.32969
5	22788.4312
6	22783.46536
7	22776.52696
8	22770.49214
9	22764.78564
10	22757.86473
11	22751.48494
12	22745.27783
13	22739.752
14	22733.56943
15	22726.67786
16	22720.11429
17	22713.64765
18	22706.92365
19	22700.51982
20	22693.86677
21	22688.40419
22	22681.59105
23	22675.11736
24	22668.9467
25	22662.95169
26	22656.15558
27	22649.37935
28	22642.62937
