iter	RMSE
0	22667.66389
1	22513.60461
2	22366.18001
3	22224.97103
4	22089.13445
5	21952.84462
6	21808.52041
7	21646.36052
8	21485.78526
9	21351.98662
10	21194.78816
11	21066.01322
